Collection name: HashMap,number of operations: 100,unit: ms
Add time,Find time,Remove time
0.05724,0.816751,0.049344
0.04816,0.215142,0.029607
0.028028,0.13027,0.038687
0.031186,0.117243,0.037896
0.025659,0.116848,0.033949
3.371616,0.148823,0.021712
0.027238,0.116848,0.011448
0.021712,0.116848,0.011053
0.021317,0.116848,0.012237
0.037897,0.225406,0.013421
