Collection name: HashSet,number of operations: 100,unit: ms
Add time,Find time,Remove time
0.039081,0.019738,0.020133
0.026448,0.013422,0.015396
0.028027,0.013422,0.014211
0.030396,0.019738,0.020133
0.026054,0.011448,0.017369
0.023291,0.015001,0.018158
0.027633,0.011843,0.014606
0.03158,0.011448,0.025264
0.020528,0.011053,0.014211
0.020922,0.011843,0.014211
