Collection name: ArrayList,number of operations: 100,unit: ms
Add time,Find time,Remove time
0.058424,0.33278,0.02487
0.026844,0.314621,0.01737
0.052897,0.379361,0.019737
0.052897,0.095136,0.016975
0.033555,0.097505,0.037502
0.029212,0.102637,0.018159
0.018159,0.193826,0.035528
0.019738,0.152376,0.031976
0.019343,0.159087,0.031581
0.021712,0.160272,0.027633
